No.;Time;Comment;Scramble;Date;P.1
1;56.220;;F R L Rw2 B2 R L D2 Lw2 F U Rw' Uw2 Rw' L2 Uw' R Uw' D2 Rw Uw' Dw2 Fw2 U R2 F2 R2 Dw Uw2 Bw' D Bw2 Dw2 R2 Rw' U2 Bw R2 U2 F' Lw2 Dw' L' R2 B2 Fw2 Rw2 U R2 Bw' L2 Lw2 Fw' F2 L' R' Fw' Lw' D2 B;2023-04-01 14:17:07;56.220
2;55.960;;Bw' Rw' L2 Fw Lw' F' Rw2 Dw' Uw2 R2 Fw2 Rw' Uw2 Bw2 Lw2 D2 R' D' F' L' Fw2 Dw Bw' F2 B2 U' L' D Bw' Dw B2 D Bw' R' Lw2 F' Lw2 Rw' F2 Uw2 Bw' L U' Uw Rw Uw' F' Dw' Bw Rw2 B2 F Dw2 Lw' Uw Rw L Fw' Lw2 Bw;2023-04-01 15:01:19;55.960
3;57.562;;U' D R' L Uw' U Bw2 Fw2 Uw' F2 B' Rw2 Bw2 D2 F Rw B U' F Lw2 B' L' F2 Rw2 U2 D2 L' Uw2 B2 Fw' R Uw' Rw2 Uw2 Bw' Uw B Lw2 Rw D U2 Fw' Bw Lw' L' Bw' U' Uw2 L' F Dw' Uw2 R Fw2 B' Dw2 Fw2 U2 L' R';2023-04-01 15:02:41;57.562
4;56.856;;R B R F2 Lw R' Fw' L' Dw Rw' L' F L Rw R2 B2 Rw2 Bw' R2 Dw Lw Uw' F' Bw2 Fw L' Lw2 Rw B2 L2 U D Rw F U' Bw' R' Rw Bw' Fw' Uw' U' Bw' F U Lw2 Dw2 D2 L2 Rw' F L' Uw2 Bw' B2 Lw Bw' F B Rw;2023-04-01 15:05:50;56.856
5;50.085;;U2 L Rw2 Uw L F2 R B D B' Rw' Bw Fw' Dw' Rw2 Lw2 R' B2 Lw2 Uw2 U2 D2 Bw' F2 L Uw L' D' U Rw2 Fw' U2 R Rw U' Bw2 Fw D' Uw' Fw' B2 Lw2 Uw2 R2 Dw' D L2 Lw Rw' F' Fw2 D' R' Fw U Rw' D2 Uw' Rw2 R2;2023-04-01 15:16:46;50.085
6;54.990;;B' Uw2 L' Lw B' L F Bw Dw R2 Uw2 F' Bw2 Rw2 Uw2 Dw2 Rw Dw' B Dw' B Rw2 Fw Bw' Uw Dw2 Bw Rw Dw2 Fw2 F L Rw Fw2 Bw2 Uw U' Fw F Lw2 B2 Rw Fw' B2 D' Uw' Fw' Uw' Rw Dw2 B Bw' Rw2 Lw2 F' Fw2 Dw' Lw' Dw' L';2023-04-01 15:19:01;54.990
7;49.746;;Lw R' D2 F' Rw' Bw Lw' F Rw' U' D F2 Bw Uw2 R Dw2 Fw R' B' Rw2 U' Rw2 B2 Fw' Lw B Dw' F Uw D R2 Bw Fw B2 Uw' U2 Dw2 B U D Uw2 B Uw2 Lw' F' U Dw Uw2 R2 Lw' L Rw2 Fw2 Dw2 Rw2 U' Fw' Rw Uw L';2023-04-01 15:20:45;49.746
8;53.835;;U2 D' Dw2 Fw' R' D2 F L' Lw Fw2 Dw B2 Fw R L Dw Bw F2 B' D F' Lw F' Fw2 B2 Lw Fw B Lw2 Dw2 F' R' D2 B2 D2 F' U L2 F' Uw Rw' Dw' Rw L2 Bw U Dw2 D L' U' Lw2 Bw' Fw' L B Lw2 Bw2 F L Bw2;2023-04-01 15:22:10;53.835
9;52.190;;F' R B Dw' R2 Lw' Fw U' L Lw' Fw' Dw2 F2 Uw Fw F' Uw2 F2 L2 R F' D' F Fw L2 Rw' Bw D' Uw' Rw' F L Uw' D2 Lw Bw F2 U Bw R' Lw Fw2 Bw F' Rw Dw L Rw2 B' Bw2 U Rw2 U' D Dw' L' D U2 Fw2 Dw2;2023-04-01 15:24:04;52.190
10;54.822;;Dw2 B2 R' D' R' Dw' U L Bw' L R' F Bw2 Fw Rw Lw' F2 L' Fw B' Bw' L Lw2 Bw' B' F D2 L2 D2 U' L' F2 Uw2 Bw2 Fw2 R L Uw' L2 Rw Lw' F' R2 Bw' Rw2 U' D' Bw' R2 Uw U Lw2 B2 Uw' R L2 B F R2 D;2023-04-01 15:26:28;54.822
11;54.972;;Rw2 L2 Fw' F2 B2 L' U L R Bw2 Lw' D2 F2 L' R' F Bw' Fw2 Dw' Bw2 Uw' Lw' D F Rw B L2 Uw2 U2 Fw F L2 U Dw2 B Fw Uw Bw' Lw' D Fw' Uw' Fw' L' Rw' Uw B Fw2 Lw2 Bw F' R2 B2 L2 Rw2 U2 F2 Bw Lw2 B';2023-04-01 15:30:24;54.972
12;59.043;;Uw2 L2 Rw' Fw2 Lw L' Dw D' U' F' Fw2 Lw2 Uw2 Bw' Rw Bw2 Uw Rw2 D Bw2 Fw' Dw Rw U' Dw Rw Uw F' R' L Rw Dw2 U L2 U2 F D2 Lw' Rw2 D' F Dw Rw U2 D' B2 Dw' Rw F2 D2 L2 Dw Rw Uw' B' F Bw2 Fw' U F2;2023-04-01 16:31:26;59.043
13;53.729;;U Lw Uw2 Rw Dw Uw2 U R2 Dw' F Uw' Lw' Bw U2 Rw' Uw2 L D' B' Dw' B Lw' Uw2 Bw' Uw' L' U Bw' R2 Fw Lw2 U' Fw Uw' U2 R2 D' Lw Dw Bw2 D2 Uw' Bw' Fw Lw2 R Fw' F U' Lw' Dw' Rw2 R2 B2 Dw' Lw2 B Dw Uw F;2023-04-01 16:33:01;53.729
14;52.510;;D' Bw' R' L2 Bw2 L U' D Rw2 L' Bw U2 Lw' Rw Fw L' U' R U B Lw Rw2 D2 L2 Bw' F B Uw D2 B2 R2 D R2 Lw Fw Dw Lw2 L Uw' B Lw' Rw' D2 Fw D' Fw2 Lw' R Fw' Dw L' Bw' Rw' F Bw2 Uw F' Lw Uw' Fw;2023-04-01 16:34:39;52.510
15;54.963;;R' Rw' Lw2 Bw' U' B D' R F B Rw' D Rw2 Uw2 Dw Bw2 D2 Rw2 Uw U Bw U2 D2 Lw L' B2 Fw2 Rw2 Lw2 U' Lw2 B' Bw2 Fw Dw Bw' U2 D' Bw L' Bw2 D' Uw' F2 Uw L D' R Dw L2 U2 L' Fw F' Lw2 Bw' L2 Rw2 R D;2023-04-01 16:37:05;54.963
16;56.991;;L' Rw2 Bw R Lw' B Bw Lw2 Fw' Lw2 Fw2 B F2 R2 B' Bw Lw F2 R2 B2 Uw' R2 Rw' D Bw' R2 F' R L' Dw2 B' F' L2 Bw' F2 D2 Uw B Rw Lw B' Fw2 U' Uw Fw' D2 Lw' L' Dw' Uw' Fw2 Lw' Dw2 U F Bw' Fw' Dw D' U2;2023-04-01 16:58:24;56.991
17;56.921;;U2 Rw Uw2 Dw2 Rw' Bw B' Fw Dw' B' Rw Dw' F Fw2 R2 Rw' F B R2 Lw Rw' D' Uw U2 Fw2 D' Fw' Bw B2 D R Lw B Dw2 D2 Bw2 D2 R' Fw2 L Uw2 D U' Rw2 Bw2 Lw2 B U B2 Bw2 Fw Dw2 D2 L R' U' Bw' Lw' L B;2023-04-01 17:00:16;56.921
18;56.227;;Fw' Bw2 Lw' Bw Lw U' L' B2 D Fw' D2 Fw' B2 Lw' Uw2 L' Fw2 R' Fw' Uw F' Dw' R Uw2 Fw Dw2 Lw2 Bw2 F2 Dw' Bw2 Fw2 L' Rw Bw2 D Fw2 Bw' R Dw' U2 L2 Uw2 B2 Dw U2 Bw2 Uw' Lw2 B F2 R' Lw' Uw R2 L' Fw F2 Dw' Fw;2023-04-01 22:41:04;56.227
19;57.907;;F' Rw2 Bw2 Rw F' Rw' R D' F Uw' U R' Uw' B2 D F2 Fw B Dw' Rw L' B Bw2 Lw Fw U2 R' B' F2 Fw' U B Rw2 D' Bw R2 D' Dw2 Fw B' F' Lw2 D2 Lw Uw' F' Lw L R U' L2 Uw Rw' R D2 B' Lw L' Fw' Lw2;2023-04-01 22:44:03;57.907
20;55.744;;B' Rw2 L Dw2 Lw' B' Fw R B2 Fw' L' Rw F2 Bw' Uw' F2 B Bw' L' Dw U Fw2 F B2 Bw2 L U F B Rw2 Fw Dw2 U2 D2 Bw2 L2 U2 R D2 Fw2 Rw2 Uw2 Rw2 Bw' Lw' Uw' U' L Bw B' Lw2 U2 D Bw' B' Dw2 L Lw' Uw' Fw;2023-04-02 11:02:01;55.744
21;56.314;;R' Fw' R' U F' Lw Uw2 Fw2 Dw2 Fw' F' R2 Fw' Dw2 R' L U2 F' B U Rw' Bw' Lw2 R' D2 Lw' B D Fw2 L R' Bw2 U2 Lw B Rw' Uw U2 F2 Rw' Fw L U' R2 L' F2 Dw2 Fw' Uw' Bw U' Dw L2 U Uw Dw B Fw' Bw' Uw';2023-04-02 11:06:51;56.314
22;57.218;;Fw' R' Lw2 Uw Fw' R B2 R Uw2 U Dw' B2 D' L2 B F2 Rw' Lw' D L2 Dw' Rw' F2 R2 Lw2 F' Rw Fw D Dw2 Uw Rw2 D Uw' Bw2 U' Uw' L2 Lw2 Bw' R2 Rw L' Fw2 Lw' Fw2 B Rw' Bw' Uw2 Lw' Dw' Bw Uw' U2 F2 Lw2 Uw2 B2 F;2023-04-02 11:09:42;57.218
23;56.922;;Dw U Lw' B Fw' Bw Uw D2 Dw Bw2 Dw' R D F Fw2 R2 Rw' D2 F Uw2 R2 Bw2 R' L' Uw2 F2 Rw' B2 Fw' F Rw U2 F2 Bw2 D Fw' Rw Bw L' B2 Dw2 L U Fw Uw Dw Fw Bw2 Dw' B2 Dw L Dw Bw B2 Uw B2 Rw2 L2 B;2023-04-02 13:52:15;56.922
24;55.913;;Rw' R B2 U' Lw2 Uw' B F2 Uw L' Fw' Rw Fw2 F B Bw Uw Rw' L' Uw' L R2 Fw2 Bw L2 Rw2 D' Lw F Bw' Fw2 Rw' B' D2 Uw2 Lw2 R2 L2 Bw2 R2 Bw Dw R Bw2 R Bw2 F2 Rw2 Uw' Bw2 Rw2 F D Fw Rw Bw' D' U2 Lw Rw;2023-04-02 13:53:44;55.913
25;56.575;;Bw' R2 Fw Uw2 Dw D' F2 Lw Uw2 L' Uw2 Lw2 Rw' B2 Fw' R' F R2 Lw U2 R Uw2 F2 Fw' Uw D R' L Uw' Dw F' Dw Lw2 L Bw' R B2 D U2 Fw' Dw Uw2 R' Dw2 Rw2 Dw' Fw L' F2 R2 Fw Uw' D' B2 Bw Fw' U Fw R U';2023-04-02 13:55:10;56.575
26;56.125;;F' Rw2 F' Bw' B Uw Fw2 U2 Uw D F2 B2 Uw B2 R' D' L Dw' Rw' L Bw Dw D R Dw Uw' Lw L Fw' Uw L' U Uw Bw Rw' R Lw' F2 U2 Lw Fw' Uw R' L D R B' F2 Lw Rw' Bw2 Uw2 Bw' R2 Rw2 Lw2 L2 Fw' Dw2 Uw';2023-04-02 13:56:37;56.125
27;56.371;;D' B Uw Rw2 D' U2 Fw' R B2 D U' R' F B2 U F U Uw' Rw L R' Dw2 Rw2 Uw Fw2 Rw B' L Fw F2 Dw2 Bw' Rw2 U' Rw' F Fw2 L2 Rw Fw2 D R Uw B' D2 L Fw' Lw D2 Fw' Uw' Bw' F2 R Rw2 D' R' D' F D';2023-04-02 13:58:18;56.371
28;56.603;;D2 U' Rw B Fw Bw Dw' Lw Uw2 Dw' U' Fw2 B' R U Uw' Dw L B2 D2 L Fw Bw' R' Rw' D Dw Rw' D' B Rw' F2 L U2 Bw F2 Lw R2 U' Rw Uw2 Fw U R2 Bw2 Fw2 D2 Lw2 U R' Lw2 L F R' D2 Rw B' L' Bw' F';2023-04-02 14:14:21;56.603
29;48.862;;Fw D' Bw D' B2 Uw Fw2 R2 U2 Uw' D' Dw' R Uw2 Fw Bw Uw2 Bw2 Fw' B F' Uw' U' Lw2 L Bw' F2 B2 Uw' U2 B R2 Fw' U D2 Dw' Rw2 Uw2 U' L' Fw R2 Uw' F Rw' U Lw Dw2 U' Bw R2 Dw2 Fw2 D' Dw' R Bw2 U2 Rw B';2023-04-02 14:20:49;48.862
30;55.717;;R U2 Bw' Uw' D2 Dw Rw2 R L' Uw2 Fw2 Dw2 Uw' Lw Fw D2 L D' Bw U' Fw2 B' Uw Dw B Uw' Bw Dw2 F R' U2 F2 U2 Uw2 Lw' Uw F R L' U Bw' Rw' L' F Dw' R' Dw F' U' B' U' Fw2 L' F' Bw' U Uw' Fw2 B2 D2;2023-04-02 14:22:50;55.717
31;55.937;;Rw' Fw' D' Rw2 D' L' D Rw2 F Rw2 Uw' L' F R2 Dw Uw' Bw Lw2 D2 Dw2 Uw' R2 L' U Dw' D' Fw' F Uw' Dw' B2 R2 Fw2 B' Rw2 B' Rw' B' F2 Dw' D' Lw U' Uw2 B' L2 F Rw Bw' Uw F' Rw Dw2 F' Bw2 Fw L' B2 R2 F;2023-04-02 14:24:26;55.937
32;49.699;;Fw2 L B' D2 Dw2 B' Bw2 L2 Dw2 U2 B2 Dw Uw Lw2 B2 Lw' D' Rw2 Fw Dw2 F2 Uw L B U Bw Fw2 B2 R' L2 Bw U Dw' Uw' F2 Bw Dw' L' Rw Fw2 D Uw' R2 Fw Uw2 D' Rw' L' R D2 L2 Rw' Fw Uw' B2 L' Bw2 D2 F2 Lw2;2023-04-02 14:25:57;49.699
33;56.374;;D2 Rw2 U' Dw Fw' L2 D2 B2 U Dw F' Uw2 R' L F R Fw' Uw' R2 Uw F2 D F Bw' Rw2 L2 U2 B' Rw Uw Dw R2 Lw2 D F' D Uw2 B U' Rw Uw R B2 Bw Dw2 L2 Lw' Bw2 R' Bw' Fw' L' Uw' F2 R2 F' Dw' Lw2 Fw2 Bw';2023-04-02 14:28:14;56.374
34;51.435;;Fw2 L' F Dw2 D2 Rw2 L Dw B L D' R' Bw2 L Dw2 U2 Fw2 U' R Bw' B' Dw U' Fw2 B Uw R2 Rw' F Rw' Uw2 R Uw F2 Bw B Uw' L2 Bw R' L2 U Dw2 Uw2 Lw R2 F Fw' B' Lw B2 Lw' Uw' D L' U2 R Rw F Rw';2023-04-02 14:29:48;51.435
35;52.606;;Dw2 L Lw R2 B2 L2 B' Uw Fw' B2 Uw' U2 F D' Lw' U' Uw2 Rw' Dw Fw2 D Rw' Lw2 F2 L2 Dw D B2 Lw2 D L2 R' Rw2 B' D Dw2 Fw' B R' L' Bw' R2 Fw D' B2 Dw L2 D Fw2 R U Fw2 B Dw Bw Dw2 B' Dw2 Bw2 L';2023-04-02 14:51:04;52.606
36;54.638;;Fw B' Lw' B L F' B2 Uw Bw Fw Rw' Uw' Bw2 Uw' L' R' Dw D Uw Fw L Lw U Bw Uw' B' Lw Dw' F R2 U' Bw2 Fw' U2 L2 Lw2 D2 Bw' D F' Lw R2 Dw2 U F L' U2 F2 L' Rw2 Fw Rw Uw Lw' L2 D' B R Uw' Fw2;2023-04-02 14:52:37;54.638
37;55.278;;Bw F L2 D' U2 Bw2 Rw' Bw' Rw2 Lw2 Fw2 B Uw Bw2 Rw' B Bw2 L' Fw2 Rw U2 D Dw R2 Fw2 R2 F Bw Uw2 L Bw L' F2 Rw2 D2 Fw2 R Dw' Fw R' Rw' Dw F2 Fw' Dw' Lw' Dw' U Lw' R2 D2 F' Bw2 Rw' Uw B U Fw2 R' U;2023-04-02 14:57:34;55.278
38;55.317;;B' D F Lw F2 Bw' Dw Fw' L Rw2 R Lw Fw' Rw2 Lw' Dw' Uw2 U Bw Dw2 Rw2 U2 Bw2 U F2 Fw U2 Uw2 Rw Fw2 U' Lw2 F B' Fw2 Rw' F' L2 R Fw' Dw R2 F R2 Bw Uw B' L Bw F' R' Lw' B Rw2 B Lw2 Fw Bw2 Rw' Bw';2023-04-02 14:58:58;55.317
39;55.317;;U2 B Dw Fw' B L' U' Bw Fw U R B2 Bw U' R Dw' F' L U Uw' D Rw F2 B' R' Bw' Uw2 Fw Lw Rw' Fw' Bw' R2 F2 B2 Bw' R F' Dw L U Fw' D Rw' Lw' F' B2 R2 B' Uw' Rw' R B2 Bw' R' Bw' F2 R' Lw Uw2;2023-04-02 14:59:01;55.317
40;55.105;;Fw' L2 Dw2 F2 Lw2 F' U Fw L2 Bw' U D B2 Dw' L' Uw Lw2 Rw' Fw2 Uw Lw Fw Lw2 D2 Rw' R2 D F' Dw' R' Lw B2 Lw2 Rw2 B Lw2 Dw' L2 R Uw U' L Fw2 F' Rw' L' Dw2 Fw2 U Lw2 Bw2 U2 F Bw Fw2 L2 Bw2 Fw2 Rw' F;2023-04-02 15:00:40;55.105
41;55.415;;U2 Uw' Rw' Lw F2 Dw' F Bw' U2 Lw2 D' Dw L2 Dw' R' B Bw' Rw2 Uw' Bw R Lw2 Fw B' L' Rw2 Fw' D2 Rw' Fw' Bw2 Uw R' Dw2 Uw U Bw' Lw B Rw Fw2 Bw B Lw Rw L Fw2 D Fw Dw D2 L Uw2 Dw' U' F B Rw2 L2 D2;2023-04-02 15:02:35;55.415
42;50.322;;Lw2 Dw2 Bw' Lw' F Rw Bw2 U' Dw L' Uw2 D Lw2 Bw2 D' Bw F B2 U' Lw2 B' Fw Rw' Bw D F' U' Uw' B L' B Bw2 Rw' R2 Bw' Rw2 B2 Fw' R' Rw Bw Fw' Uw' Dw2 B' D' U2 Dw2 Lw L F' Rw' F' Lw' Dw2 Fw' Dw2 Bw F Uw2;2023-04-02 15:04:33;50.322
43;52.674;;R Rw2 Bw L Lw F D Uw L Dw' R' L' B Lw2 Fw' D' Dw' Lw Uw' Fw2 L' Rw' Lw Dw L F2 B' R' L2 B Fw D' L2 Bw F' B D' U2 B2 Bw D Fw U2 Bw L' R Bw2 F2 L2 Uw U' Lw2 D B' Rw2 B L' U' B' R';2023-04-02 15:05:51;52.674
44;53.193;;B Bw Rw2 Bw2 D' F' U' D B2 Dw' R2 D R' Lw B D' Lw Bw L' U' Bw2 Uw' D' R' Lw2 U F U' Rw2 Bw Lw U L Lw2 Fw F2 Dw B2 D R L' Rw' Dw2 Rw Bw' R' D2 Rw' U2 Fw2 F2 R' U D Fw2 R U2 Bw' Rw Dw2;2023-04-02 15:07:13;53.193
45;49.318;;B' R Dw' D2 R2 L2 Bw B' Fw2 U' Uw Lw' L2 U Uw' D2 Dw' Rw' F Dw' U2 L' Rw2 B Fw2 Rw Dw' U Fw2 R Rw' Uw U D' R' Bw R' Fw' Uw U2 L' Dw' Bw R F' B Dw2 Uw R' L2 U2 F U B' U' Rw2 Uw D' F2 B';2023-04-02 15:08:35;49.318
46;53.966;;Uw Bw' L2 U2 Dw2 Bw2 R2 Uw' U' D2 Dw2 L2 U' Uw Lw2 F Fw' L' Fw2 Dw Fw Lw2 Uw B D2 Dw2 F Lw' B' F2 Dw R U' Lw' Bw2 Lw R U2 Rw2 L Bw2 D2 Fw2 F Dw U2 R2 L' F2 Uw F L Rw' R U Uw' Bw' Fw2 L' R2;2023-04-02 15:44:18;53.966
47;56.656;;F2 L2 Dw2 Lw2 Bw' D2 Dw2 U2 L' Fw R D B2 R D Uw' F R2 Fw D2 B2 Fw2 F' Lw L2 F' Dw2 Fw' D B2 Bw2 R' Dw2 Fw' L2 Dw2 U' Bw' F2 U' Fw2 L' Lw Bw' Rw' R U L2 D' U2 L' Rw F' D2 B2 D' Dw B' L2 U2;2023-04-02 17:12:23;56.656
48;54.752;;Rw2 Bw' U R' Bw2 Lw' Fw' Dw Bw2 Lw Fw' R2 Lw D2 L F Uw' B D B2 Lw2 Fw D' F Rw' F D' R Fw2 D2 L Uw F' D Dw Uw L Bw R2 Uw' Rw Uw Bw Lw R B2 Bw Lw Rw' F2 B D2 Rw2 U2 Bw B Fw R2 Fw2 R';2023-04-02 17:13:59;54.752
49;56.897;;R Lw' U2 R2 Lw Uw' Fw R' D' Dw' F' Rw2 U' Uw R2 U' Bw B Lw U L R Fw B' Uw2 Lw B L Rw Lw Uw L U' F D2 Bw B' Rw D2 Fw' R Uw2 Rw2 D' L2 Fw B' F' U2 Fw2 U F Rw' U2 Uw2 B2 D B' Dw' Bw;2023-04-02 17:16:13;56.897
50;59.113;;Bw Rw Dw Rw' Uw' Dw B' U2 Rw U2 Rw D' R Fw2 R F2 Rw' B2 Uw Rw D2 Uw2 B' F' Fw R' U' R Lw2 L' Fw' F' L' U2 L' Uw U2 Rw' B L Dw Bw Lw' Rw D2 L' Dw2 F2 Uw2 Fw Lw Rw Dw Rw' L Lw' U Lw' F2 Rw;2023-04-02 18:47:32;59.113
51;52.505;;L' B Rw2 D' Dw' F2 Dw Fw2 Rw R Bw L' U2 Rw2 Fw2 Rw2 F2 R' L Lw' Uw' B' Fw R B2 Uw U2 L Bw' F B' Rw2 Lw Dw' Rw2 L' R' Lw' Dw2 Rw F Fw' B' Rw2 Lw' Uw2 Rw Uw2 F' U2 F' Dw L2 Rw2 D2 Uw2 B2 Fw2 F2 R;2023-04-02 18:49:08;52.505
52;56.041;;D F' Dw' R2 Rw' Bw2 U2 Fw2 D2 Fw2 R2 Fw Dw D' Rw2 Fw Dw2 Uw2 B' Dw2 L' U' Rw D Fw R' F U2 F2 Dw' D U' Fw2 Lw' D R2 Uw Bw U2 Fw U Uw2 Rw Fw L2 Uw B2 Lw2 Dw' F2 Uw Bw Fw2 L B' R B' Fw' D2 R';2023-04-02 18:50:49;56.041
53;48.183;;Dw2 U Lw' D B2 R F' Lw Bw' Dw Bw2 B2 U2 Bw2 B F2 Fw2 D2 Uw2 Rw2 U Fw' B F U2 R Fw' Rw' Bw' L' Dw R Uw' Bw' Fw F2 Rw2 L' F' U' Lw' F2 U R2 F Dw L Rw F Bw2 U2 Dw' Lw' L' Uw' Rw D Dw Uw2 F2;2023-04-02 18:52:44;48.183
54;51.826;;Rw2 U' Bw U Lw' Bw' F2 Lw2 U Bw U' Fw' R2 Bw Fw2 Rw Bw2 B' D2 Fw' Rw' F' L Rw' R' D Dw2 F Fw R2 L' Uw' R2 L Lw' Dw' D Uw2 B2 F L Rw' Bw Uw2 Bw B L Rw Lw Dw' R2 L Lw' U D L' U2 Dw Uw Bw';2023-04-02 18:54:18;51.826
55;52.894;;Lw' F2 L' Dw2 Rw2 L2 F2 Dw2 D U2 Bw Fw' Dw2 Fw Rw' U' L Fw2 Dw2 Fw' Uw' Rw B' R B' Bw' R' U2 Rw Fw' L' B2 Uw R Rw2 U Dw2 F' Uw2 R F' L' Fw2 R' F Rw' Dw L B2 Rw' F2 Fw R' Fw' L Lw' U Fw Dw Lw2;2023-04-02 18:55:46;52.894
56;53.840;;B2 Bw' F D2 Fw F' L' Lw' R Dw F2 Bw Uw' Bw' D' L' R' F' L' Uw2 D' Bw Rw' Bw' Dw2 Bw2 L F L F D U' Fw' U' D2 B F Uw2 F' D B Uw' Fw Uw2 Fw' F2 L' R B' F' D2 L Fw2 Bw Uw' R2 Lw Bw Lw Uw;2023-04-02 18:57:50;53.840
57;54.704;;D' Uw Fw' D F' D' Lw B F' Fw2 D' R2 Rw' U2 D2 R' Uw2 L' Dw2 Bw2 Uw2 R' Dw' Bw R' Rw' Fw Lw2 Rw2 L' D' F' Rw Fw2 D' Dw2 B2 Dw L2 R' Fw R' B2 U' D Dw' F L' F' Bw' Dw2 Fw' F2 Lw' U2 L' Bw' Lw' B Rw';2023-04-02 20:26:47;54.704
58;49.889;;Bw' L' D' B Bw' F Lw' L' Bw' Uw' B' F2 L2 R' Dw' U2 Bw F2 Uw2 U L2 Bw' Fw' F U2 Dw' Bw' U' B' Dw2 D2 Bw Rw Uw2 Fw' U' Fw2 B' U R' Fw Rw2 F Bw' R2 U' D Bw2 D' Fw' F L U' Dw F R Uw' Dw2 Rw2 Fw2;2023-04-02 20:29:26;49.889
59;53.649;;D F' Uw' Fw' F Rw Fw' U2 Bw2 Fw2 F2 Rw Uw2 Bw Fw2 U Dw2 L2 Dw2 Lw' Uw' Lw' Rw F2 Dw' B Bw Fw L2 R2 B' Uw2 Fw' Rw2 L2 B Dw2 Bw2 Uw2 Dw2 Fw2 L U' Bw2 Lw2 Rw2 Dw' Uw Rw2 Lw2 Uw U B' U Bw Uw2 U R B2 Lw2;2023-04-02 20:31:45;53.649
60;56.337;;B' Dw2 Lw' R F L2 Dw' D2 F' R L Dw Rw' Bw L2 Rw' B2 D' F' Lw2 F Dw Uw Bw2 Dw' Bw' U' R' Uw' D' Dw2 Fw Bw' F' L' Fw2 B' U Uw2 D2 L2 Bw2 U2 B L2 Rw D B2 R' D Lw Uw2 D2 Fw2 Dw2 B2 Rw R' F' Rw2;2023-04-03 16:12:35;56.337
61;54.228;;U' L' D2 Bw2 Uw2 L2 Rw2 R' F2 Lw2 R2 Uw B' F2 R F2 Fw' B' Dw' Lw L Uw2 Lw2 D' L2 Lw' Bw Rw F2 Bw Dw Rw Dw' Lw2 Dw2 U2 Uw' D2 Lw2 U2 B2 R' Fw2 D Bw' L2 Rw2 Dw D F' D2 B' Dw2 Uw Lw2 R Rw F' Bw D2;2023-04-03 16:14:18;54.228
62;56.639;;D' Fw2 Dw' F Lw2 F' L2 Uw Dw' F Bw Dw' F' D2 L' Uw2 D F' Bw2 Fw R Fw F2 R Rw Fw Rw F2 Dw' Rw2 B' F2 Uw2 Rw2 B U' L B2 D Bw2 Lw2 R2 Rw U2 D' Uw2 Dw2 Lw' F' L R2 D Bw' F U' R2 L2 D' Dw' R2;2023-04-03 16:16:06;56.639
63;57.541;;L' U2 F' Rw' B' Fw2 L' Bw Lw' R2 U' Lw R B' Bw Dw2 Uw' Bw2 B Lw U B' Uw U2 D L Bw D' Dw Uw' Fw2 Dw' U B' F' Lw B' Fw' L' R2 D L2 Dw' Fw' Uw F2 L Lw' Uw' D' Fw Rw Fw' F2 R Rw' F2 Rw' F2 Uw2;2023-04-03 16:17:45;57.541
64;55.897;;L' Dw2 Fw2 U Rw F2 U2 R Lw2 L2 Fw Uw' R' Uw2 Bw B Fw2 Lw2 Dw F2 R' Dw F2 Fw' L B Bw' D' Bw' Lw2 L' Fw Dw2 F R' U Rw' Uw Bw R' Bw' Lw2 Dw' L' U D2 Fw' Rw' Lw' D' R' D' Uw' Lw' F2 Fw2 D B Uw' Rw;2023-04-06 22:12:30;55.897
65;54.818;;D' Dw2 B R Lw' L2 B' Fw Uw F Rw' B' Bw F D' L' Lw Uw2 F Bw' B2 Uw' U Rw U2 L2 F' Rw B Fw R B U2 Rw R' F' Rw Bw D' L F B Bw2 Rw Lw' Fw2 R F D' U' Rw2 D U2 Bw' D U' F Uw' Rw2 Fw;2023-04-06 22:15:51;54.818
66;53.957;;F2 Fw2 L B Rw2 Uw2 Fw R Dw2 B U' Dw' R U' Rw' D' Uw' L2 B' Fw' F2 Lw2 Rw F Rw Uw' Fw' Uw2 Bw2 Uw' L' Rw' Bw2 F' R Bw Rw' D Fw Rw Bw2 Rw Bw2 Lw' Bw2 U2 Rw' D2 F Rw2 F' Uw' L Dw2 R B2 Uw2 Fw2 Lw D';2023-04-06 22:17:39;53.957
67;53.568;;Rw' Dw' Bw' U Dw' Bw2 Fw2 R' B Uw Rw D' L2 D2 Dw2 Rw2 B2 D L' U2 Rw' Dw2 B' R' Dw2 Fw' R U' F2 Dw2 D2 Uw' B2 Rw U2 Bw' B L2 R2 Dw Lw2 B' R' Lw' D Fw' R Uw' F B2 Fw' Lw B Fw' Rw' Uw2 Lw B2 Uw2 L;2023-04-06 22:19:28;53.568
68;56.814;;Uw Dw' F' Uw D' B2 Bw L F' D' B Fw2 Dw' Uw' R' D B Fw2 U D' B' D' B2 Dw2 L2 Bw' R2 Lw Rw Dw' Bw' L' Dw L2 F' B2 Fw R2 U' Dw2 L' Bw Uw' Bw R Rw2 Dw' Fw' Bw F2 Dw2 Fw2 Uw2 B Bw Lw Bw' B' Uw U2;2023-04-06 22:21:52;56.814
69;58.225;;D2 Fw2 Dw Bw' B' R2 Rw' D Bw L R' Bw' Dw F' Dw2 L' R Uw Rw' D Lw' U2 F2 R Uw F2 Lw' Bw' F' Rw' F R Lw' Uw2 Fw' R2 Dw Uw Lw2 Uw B D' Dw2 Rw B U2 Fw R' Uw2 Fw' Bw' Uw2 Fw' Uw2 L R Bw' L B2 Fw';2023-04-06 22:24:44;58.225
70;54.975;;U' Dw2 L2 F2 Bw2 D' R Fw F' Dw' Lw' F' U2 Lw Dw' Bw' Lw Rw' Bw Fw2 U' D2 Fw2 Dw F2 D Fw2 Lw' Uw2 Lw B2 Lw Fw F2 L Dw L' B' Uw R2 Uw' Rw2 R Fw D F' U' Dw2 Fw2 Uw2 Lw U2 Fw2 D Bw' D2 U' L Bw2 F2;2023-04-06 22:29:55;54.975
71;55.640;;Lw B2 Dw' B' Lw' Bw F2 D' Lw D Uw' U' Rw Uw2 Lw2 D Uw' Lw2 Fw2 B U Lw2 D2 Rw' B2 Bw Lw Bw' Lw' L' D' F' Bw' Rw' Uw Rw2 Bw F' Rw Dw2 R2 F Bw Lw Dw R Bw' U2 Bw' U B R2 Lw Rw2 F Rw U2 D' B' Uw;2023-04-06 22:34:35;55.640
72;53.341;;U Uw2 D2 Rw D' R Dw2 Rw' U2 Rw Fw Rw' Dw' Uw D' F' B2 Fw Dw Rw' L' F Rw B' Uw Rw' L2 Fw2 D U2 R' D' Bw' U' Uw Bw B2 R D2 Uw' Rw2 R' F2 D Lw2 Dw U' R2 B2 Bw' Lw Rw Bw' Rw2 F2 Dw2 D Lw Uw R';2023-04-06 22:37:36;53.341
73;58.134;;Fw Uw2 Rw R Uw2 Bw' B' Dw' Rw2 F Fw2 B' U Bw B' U' L' Bw Uw2 Bw2 F2 U' Dw Uw Bw' R2 Bw U2 R2 D2 R2 B Uw Fw2 Dw F R B' Rw' R B R B Bw' U2 D Dw B Fw' Uw Bw2 Lw' D' Uw B Dw L2 Bw2 D2 Rw2;2023-04-06 22:39:50;58.134
74;54.537;;U B' Rw' R B2 L' D2 Dw' Fw' F2 B Uw' R Uw F Rw2 Uw2 L' D' B R2 L2 Dw Bw Fw2 B D Bw' Lw D' Lw' B R' Lw L Rw' F Uw D F D' Lw' Fw' Lw U2 R2 Lw Fw U' Rw' D2 Dw L' R2 Uw Lw' L' Fw' L Fw2;2023-04-07 12:21:09;54.537
75;56.324;;Rw' F' R Uw U B' L2 Dw2 B2 Lw Dw Lw B Bw' L2 U' Rw' L2 B' R Bw' D Bw2 L' Bw Dw R2 Fw Rw2 Bw' Fw F2 B U Fw U' Bw D2 Rw Dw' Bw Fw' B2 R2 Dw' U' Bw' L2 Bw2 B' Dw F2 D' L2 B Lw2 Rw' R L2 F';2023-04-07 12:23:46;56.324
76;58.185;;F L2 Dw U2 Uw2 Fw2 B Uw Dw Rw U B' R' L2 Fw Uw F' Dw Uw L F L2 Bw2 L' Lw' Dw2 Fw Lw' R2 Bw L' B Fw2 F2 L' Lw2 Bw' U2 B F R' Uw2 Rw2 Dw Lw Dw2 R Fw' B2 Dw2 D L2 Dw R2 Lw2 Fw2 R Lw Dw' Fw';2023-04-07 12:26:33;58.185
77;57.249;;D2 U' F L' F' R2 B R' Uw B F' Lw2 Fw L' U Lw Rw' Bw2 D2 Lw2 Dw R' Uw F' Lw R B' Fw R2 U L2 Lw2 B2 Bw' U' B' Lw2 Fw2 F' U' Lw F2 L2 B2 Rw D' Dw' Fw' Rw L Uw2 B2 Dw' L' Rw' Bw Lw2 L U2 Uw;2023-04-07 12:28:09;57.249
78;55.578;;Rw' F Rw2 Lw Dw2 B2 R Bw' Dw Uw2 F Uw U' Fw2 L2 Lw2 Rw D B' F' Fw D' Rw2 Bw U2 Fw Uw U' Lw' F Bw D Uw2 R2 D Dw' Fw U B Bw Rw' U' F L' Dw F2 Dw2 Uw B2 R Bw2 U F2 B2 L Fw2 B' Uw' Fw' Lw2;2023-04-07 12:29:47;55.578
79;54.729;;Bw' Dw F' D' Bw U' Fw' F Dw' Bw Fw' F' Uw2 U2 R D2 Dw2 B' Fw' R U2 Rw' D2 Lw' Fw2 F' Bw' U2 R' Lw B Dw2 Bw' F L U' L Bw' Fw' L D Bw2 Rw2 Bw' B' L U Rw2 F2 L R2 Rw2 Bw D' Rw R2 F L D2 Dw2;2023-04-07 12:31:33;54.729
80;54.867;;Bw' Dw U' B2 F2 U2 D' Lw Uw' Rw2 Fw2 B' F2 Lw F' Dw2 F' Lw L' Bw' R' Rw Lw2 U L2 U2 Bw2 U' Uw2 Rw2 D Rw2 R2 L' Uw D Bw' Fw' Dw2 Uw2 D2 U2 Bw U' Bw U Bw2 Uw2 Rw' R' Lw Bw2 Lw2 Fw' Rw2 Dw' D Uw' Fw Dw';2023-04-07 12:33:04;54.867
81;53.175;;D' Rw Uw2 Lw' Fw Bw2 D2 Fw2 L' Lw2 Uw Bw F2 Dw2 R' B Uw2 R' Uw Dw L Dw2 Bw' Lw' B' Fw Lw2 Uw R Rw D F' Uw2 D' R' U Dw' L' U2 Bw2 L' Rw2 Fw' D2 Fw' R Lw B' D L2 U' Lw U Rw2 Fw2 D' U' R2 Fw2 R2;2023-04-07 12:34:37;53.175
82;55.485;;Lw2 Uw2 R2 Lw' F' R2 Dw' F2 R L2 B2 F' U Uw D' R2 B2 Bw Fw2 R2 B' F2 Uw' Rw Dw R' Bw' U' Lw2 Dw Bw2 B R Rw Bw2 Uw2 R2 Dw' B Uw Fw2 L2 Rw2 U2 D' Lw' Bw' Rw2 B2 Fw2 D' Lw L' R B' F Bw' U' Rw2 Lw2;2023-04-07 12:36:19;55.485
83;55.823;;B Uw2 F2 Uw' R' F' Lw2 U Fw D' L Bw Fw2 R L2 Rw2 U F Dw' Lw2 Bw' R' Dw' Lw2 Bw' Lw' B' Uw Dw2 U' F2 Bw' L D2 Rw' Lw D F Dw Lw B R2 U' Bw R' Uw' R' Lw' D2 Bw' Uw Rw2 Dw R Fw' L Uw' L R Rw2;2023-04-07 12:40:08;55.823
84;56.014;;Fw Bw' U Fw Lw Rw2 Bw2 U2 Dw2 Uw2 B' Lw' Rw' U' Uw Rw F Uw' Rw2 Uw' L' Dw2 F' D2 Fw' D U2 Bw' U2 Uw Rw2 Fw2 U2 Rw2 U' Dw' Lw' Bw2 D R2 B2 Dw2 U2 Rw2 Lw' U2 Lw L2 Bw' Uw' Dw Lw F Bw' B Dw Rw' F' L R2;2023-04-08 20:37:25;56.014
85;56.077;;Rw2 L' D' Bw Fw L2 Dw Lw Rw' U2 Uw' Lw U' D' Dw' Fw Lw2 F D2 Lw Rw D Lw D Rw2 F2 Bw' Fw' Lw L2 U F' Uw2 Dw R2 B R B Fw' Dw2 D2 R' Dw Fw' L Bw2 Lw' Rw' L2 R2 Bw' Dw' B2 L Lw Fw Lw Dw F Rw2;2023-04-08 20:39:34;56.077
86;54.900;;R2 D' Uw' L2 U2 Dw Lw Rw2 D' L Fw B2 Rw' Fw Rw' F' Dw D Rw Dw R' U' Rw' B2 D Bw Fw R2 U Dw' Lw' L' Bw U' F2 D Rw U2 D' Fw2 F2 Lw F L Rw' F' Rw' U' Uw2 Dw' Bw2 Dw' F' R2 Rw2 B2 F2 Uw Fw F';2023-04-08 20:41:12;54.900
87;55.916;;Bw2 B2 R F R2 U2 Fw2 B' R2 Bw' Lw' F2 D' F' Lw2 F' Uw2 Bw2 Uw L Bw2 Lw' Fw2 Bw2 Lw' Fw2 U' Uw D Rw2 B' L Dw Lw' D2 L' Bw L' Lw' B2 Bw Uw' Bw2 R Uw2 Dw Fw' B' F' Rw' D U Bw F2 D' B2 F' R Uw' Lw';2023-04-08 20:42:46;55.916
88;56.713;;R2 D L' Dw' U2 Lw2 Uw2 Bw L2 R' Dw2 D2 Bw' Fw Rw Lw Bw' R Lw2 Dw Lw' F U2 Dw2 R' D' L' Uw2 B2 R' L' Dw' Bw' U2 Dw2 L Lw B2 F2 U' Dw' Uw' R' Rw L B' Lw L' D U' B2 Uw2 Rw D U Lw Dw2 F' D' L';2023-04-08 20:44:30;56.713
89;49.783;;F2 U2 Uw' Lw Uw Dw2 Rw Uw U' Fw B F2 Dw' L Uw L F2 R F' D2 Uw Dw Bw Dw2 Rw Dw D' R' D' L' Uw2 Fw' R Dw2 Lw' U' Bw' Fw2 U2 B' R2 Fw D' L Uw2 Dw2 L2 Dw2 Bw' Dw2 Rw' D2 R B Bw D' F' U Fw' Rw';2023-04-08 20:47:55;49.783
90;57.783;;Dw F' Bw2 Uw Fw' Dw' L B Lw2 L2 D' Fw Rw' Bw L' U R' U2 Bw Uw2 Lw' L B2 Rw' R2 Bw F U Dw R D' L2 F2 Bw' Rw2 L' Bw2 Uw2 D2 Dw2 B' F2 R' Fw' Dw2 Uw' Rw2 D' Fw' Bw2 L Uw Bw U2 F2 R B2 Uw' F2 Rw';2023-04-08 20:49:25;57.783
91;48.910;;R2 Dw2 D2 Uw Lw' D Bw2 F Uw' Lw' D R' D' B Fw F Lw' Uw' B2 Rw2 D Lw' U' B L' F D Uw' Rw F' Fw2 Rw2 Fw B2 Rw2 D U2 Uw2 R' Lw2 Fw D2 Bw2 B F' Dw Lw D2 F2 D' Fw2 Bw2 R2 B D' L U Lw' D' R;2023-04-08 20:55:09;48.910
92;51.099;;U2 Fw' Bw2 D' Dw2 U L D2 L R2 F' Rw2 Dw' Bw' Rw' Lw Fw Lw D Dw F2 Dw' Uw Lw' Bw' L2 R' Lw U Bw' R2 D2 Bw' Dw Rw2 Dw2 Uw Bw Fw2 B2 Dw2 F2 D' Rw Uw U' B2 L' Uw2 Dw' R2 Rw D2 Dw' F2 L B F Rw2 Lw;2023-04-08 20:58:11;51.099
93;51.263;;D' B2 Lw U Rw2 Fw2 Lw2 R' B' D2 R2 Rw2 B2 Fw2 Uw D' Lw Dw' U2 Rw Dw Fw' U' Lw2 Rw' Bw' F2 D' U Uw2 F2 R' U' Fw' D2 Lw' F Rw' F U2 B F2 Lw2 R2 Uw' Dw' F' D2 F' D' U' L2 Bw' Lw2 Fw U' Lw' U Lw' L2;2023-04-08 21:00:14;51.263
94;53.839;;Fw' F Lw B Rw Lw' D2 U2 L2 R Dw' Bw2 L' Rw2 Uw2 Fw2 Uw' U2 Lw2 Bw' L' Fw Lw' D Bw' D2 Lw' F L2 Bw' Lw2 R2 L2 Fw' B' U2 B' D' U2 L' Rw F' Fw2 L Lw' F2 Dw B2 Dw2 Rw2 D2 Uw Rw2 Uw L' Rw' B' Rw U B';2023-04-08 21:02:30;53.839
95;52.936;;B' Bw Uw2 Lw2 L Uw2 L2 Lw2 Fw' Lw2 Rw' U2 Fw' Dw Fw2 Uw F' B2 Bw2 Dw' D B' Uw2 Dw' Lw' Fw2 B Rw2 Fw U Rw' Bw' D Uw2 Lw' Uw2 Rw2 B2 U' Bw' Uw Lw R F R' Fw F R2 Uw' Fw2 Dw2 L' R F2 Rw F' U L Dw U';2023-04-08 21:05:45;52.936
96;54.279;;Bw2 D' U' F Lw2 Dw2 Lw' L Dw Uw2 B2 Uw2 F2 Dw' Bw L2 Rw' Bw R Lw' Fw2 D' L F' U' B Rw' Lw2 U2 Lw F' L' D2 F Bw Dw' D2 Rw' Lw' R2 F2 U2 L' D' Lw F Lw' D2 Rw Uw' F2 Dw' F2 Rw Bw' D' Uw2 R Bw' Uw2;2023-04-08 21:07:09;54.279
97;54.111;;B2 Lw' D2 Dw' Rw2 Uw L' U D R2 F' Bw' Uw2 Fw2 D2 R' Rw2 Lw2 Uw Lw2 R' Dw2 U' R' B Lw L' Uw D F2 Rw' D L' Bw' D' Lw2 Uw' D' U' Fw' L2 Uw Rw2 F' R Dw2 Fw' R Uw D L B' F2 L2 F2 Lw F L' Dw F2;2023-04-08 21:08:44;54.111
98;54.853;;Fw' Rw' D L' U Bw2 R B' Bw' Lw2 B' R Bw F' Rw Fw' Dw F' Lw D2 F' D2 Rw' Uw' L Dw U' D' R Bw Lw' L U' B2 U' R Dw2 F' Uw' Lw2 F' Uw U' Rw2 F D2 Bw2 Fw2 Uw' Fw2 B Uw' R' U Uw' F2 U2 D Dw Fw;2023-04-08 21:12:27;54.853
99;58.080;;Bw' F2 Lw Uw2 R F' Dw' B' F2 Bw Lw2 Dw' B' R Rw2 U' D' Lw' L2 Bw2 R' Lw' L2 Dw' Rw Lw' Dw2 Bw2 F' Dw L Lw R' Uw' U' Bw' Rw' U2 Fw' B' R U2 B2 U2 Fw2 U2 R2 Bw' Lw2 B2 R' Rw2 Dw Fw' L2 Uw' Dw L' Bw' R';2023-04-08 21:21:22;58.080
100;57.308;;B2 R B2 Rw' F' Lw' Dw F2 U L2 Fw' B Rw' Uw' R2 Rw' L F2 Bw2 Lw Uw Rw R2 Dw' Rw' Bw2 Fw2 Rw R' Bw2 D' Uw' L' U' Bw Lw' R' B U L2 R2 Rw F2 U' Bw Uw' F' D Rw2 U2 Fw2 Bw B' L' Lw Uw2 R' L' Bw' D;2023-04-08 21:22:48;57.308
101;53.864;;R' Uw2 U2 R' B' Rw2 Lw Bw L2 Bw2 Rw Lw' F2 Rw Dw Bw Uw Lw' B Dw R' Bw2 Dw' D2 Uw2 R Bw F D R Fw Rw2 R' Bw' Dw' R' Lw' Uw2 Rw' R D Uw' Dw' Fw' R2 Bw2 Uw' R U' Rw' Uw2 Bw R' F2 U' Fw2 Dw' D' F2 Dw2;2023-04-08 21:25:52;53.864
102;58.848;;F' Uw F U2 F L' Fw2 L2 R2 Lw' B' U' D B2 R2 Rw' Bw' B D' Dw F R' Lw' Uw2 L Bw' B2 D Uw2 B Bw2 D R' D' Fw' D2 L Fw D U2 Bw' D' Bw' R' Bw2 U Lw2 D' Dw' Bw2 Uw Rw2 Lw2 B2 Rw Dw Uw' Bw' B Uw;2023-04-09 16:21:50;58.848
103;55.447;;B2 Uw Dw R L' Bw2 L' R2 Uw2 Bw' U' R2 Dw' L' Bw F D2 U' Bw Rw2 D U' Dw2 F2 Uw D' U2 Lw2 F2 Fw2 L2 D' F2 D L2 Lw2 Fw2 L2 B' F Rw Uw R2 Rw' L' Lw' B2 Uw' Dw' U Fw Bw' Dw L' U Lw2 F2 B2 Uw F;2023-04-09 16:24:38;55.447
104;46.352;;Fw' Uw' Fw2 U B' U Bw' D' B' Dw' F2 L Fw L2 B2 U B' Dw F2 B' D' Rw Bw' Fw' Dw' Uw2 R2 B Bw' Dw' D' Fw R L' Bw2 L B D2 U Rw D' U' Fw2 F2 Lw Rw' U' Bw D2 B2 Lw2 Uw' D2 Lw Fw B' Uw2 U2 D Rw';2023-04-09 16:28:33;46.352
105;55.204;;U Dw' Uw2 R Fw' R2 D Dw U' Uw Bw R2 F2 Bw' U Dw L2 D2 L Bw D U Bw2 D2 Fw' D Rw2 Dw2 D Uw2 U' F' Bw' Fw B' Rw2 R2 Dw' F2 Uw2 Dw' U2 F Fw2 Bw Lw' F2 Uw2 R' Dw F' R D2 Rw Uw' Dw' Lw Fw2 Lw' Bw2;2023-04-09 16:33:27;55.204
106;50.617;;D2 Bw' Lw2 D R' Fw Bw2 Uw' Rw' Lw2 B' Uw' F' Uw' D2 L2 Rw Dw' Fw2 Rw2 Dw2 Uw2 Bw' B2 L Lw' Uw Lw2 L2 Rw' D' Uw2 U2 Rw U' Rw2 R2 B2 Dw L' Rw2 F' Uw2 L Uw2 B' L' Rw Bw2 R B2 R2 Uw F' Uw2 F2 B2 D' Dw Fw2;2023-04-09 16:36:00;50.617
107;48.864;;R D2 B Uw R Rw2 Lw' D2 Lw' Dw U2 L' Uw' L2 Fw' D' Fw R Lw' B2 Rw2 D' Rw2 F U F Lw2 D F Dw2 R2 Dw2 B' Rw L' Lw2 Uw2 L Uw2 Lw' Uw' L' D' Fw' Rw' Fw' L2 Uw Rw' Bw Fw2 F R' Fw' Lw' R U2 Bw' Rw R;2023-04-09 16:38:09;48.864
108;50.613;;Uw2 Fw R' L' Dw' D2 Lw Bw' L' Bw2 Uw F' Dw Lw Fw' R2 Bw2 U2 Fw2 L2 Fw Uw L2 D2 B' L F2 Uw' L2 Uw' R F2 Lw Rw Dw' Fw B' F' Rw B2 D2 Lw U Bw2 Dw' Fw' B2 Lw' D' R2 Lw2 L' B' Uw2 Rw' R' F2 R Lw' U2;2023-04-09 16:41:59;50.613
109;58.167;;Bw Uw' B' R2 Uw2 R' D' Rw Bw' U2 Dw F2 Dw2 Bw2 U2 Uw2 R Bw Fw D F' Lw2 Bw' R' F Fw B2 U Rw2 Fw R' Bw2 Dw2 D2 Bw2 F B2 Dw' R2 L2 Bw2 F2 Fw' Uw R' F2 Bw' L2 B2 Uw B2 L' Dw' R' Dw2 U' L' Bw' U2 Fw';2023-04-10 10:34:50;58.167
110;1:00.259;;Fw Uw D Fw R2 Bw' L2 R' Fw Uw' Lw2 L' Dw2 F2 Rw2 Uw' R' Uw' R2 B2 Bw2 Uw L D R2 U2 D' F2 Bw' Fw' L R2 U' Fw2 B' Uw' Dw' U Rw F2 Fw' U' Rw2 L Uw' D B2 Rw2 Fw' R' Dw' Uw2 Rw' Uw2 L' Rw2 D F' Lw2 F;2023-04-10 10:37:16;1:00.259
111;57.283;;Bw' Rw2 Fw2 L' Dw Lw Bw' B Fw D' Fw2 Rw2 Bw2 B Fw2 R2 L' B' Fw2 L' B' Bw' Dw L' F2 R F D' U' Fw2 Lw L Rw R2 Uw U Bw' Rw2 D2 Lw D Bw' Fw D2 Fw' D2 F B' Rw Uw2 U Lw L' Uw2 B' U2 Uw Dw' Lw2 F';2023-04-10 10:40:44;57.283
112;55.995;;R' Lw' Uw Rw2 B Uw Lw' D2 Uw L' Bw2 R2 Fw' L2 Bw Uw D' Dw2 L Uw2 D Lw B2 Rw Lw2 F' L Uw Rw2 L' Uw2 R2 F' L2 Uw2 Rw2 L2 Lw R Uw2 R2 Rw' F Dw R F' D' R' Lw' Bw Dw2 R' Rw Fw' Dw Lw Uw2 R Uw2 D2;2023-04-10 10:42:34;55.995
113;55.688;;B2 Rw L F Rw' F' B Rw Uw2 Dw2 Rw D2 Uw F Rw Dw2 Lw L Rw' D U' B2 Lw B2 Fw2 Rw Dw Rw' Lw2 Fw2 Rw' U' L Lw' Bw Uw D Dw' L B' L U2 Rw2 L Uw2 B R Rw' F' Uw2 Dw' L R' Dw' F2 Uw U Lw' Fw Uw2;2023-04-10 10:45:32;55.688
114;57.824;;F L' Uw2 Lw D' Dw Lw' Rw' D' Uw B' L R B Rw' Lw2 B2 Dw2 L2 Uw' Bw Lw U' Lw2 Fw' Lw B Bw2 Dw' F2 Bw2 L Bw' Lw U2 L' Uw' U2 Rw' U Fw2 Bw' R2 Dw' Uw Bw' L2 Fw' R2 Dw U' Rw' D2 Fw R F' D2 F' B Rw;2023-04-10 10:47:04;57.824
115;53.771;;D B' Rw2 B D' F2 B Uw' D' F Dw B' U' Dw R Fw2 F D R Dw Bw U' L' B' Dw2 D B Lw' D2 U L2 Lw2 Fw' D2 U' B U B Fw2 R2 B Bw' F' Fw2 D' Lw2 Fw2 B U R Lw Bw' L' Dw Bw' B R U Uw2 Fw2;2023-04-10 10:48:37;53.771
116;55.583;;Rw U2 D2 Bw2 B' R2 Bw Dw' Bw2 R Bw2 Uw Bw' Uw2 D2 U2 Bw Fw' F2 Uw Lw2 R F' Uw D2 Lw Uw L Uw F2 B2 Bw2 R' F' Rw' B Bw2 Fw' Uw' Bw2 D2 Fw2 R2 Rw' Uw' F2 Lw2 Dw B R Dw Lw2 R2 F' Dw Rw2 B' Fw' F U2;2023-04-11 18:27:21;55.583
117;58.870;;Uw' Lw' B2 F' L2 R Bw' D2 Rw Uw' Lw2 L Fw D' Rw2 Uw' F' Rw' Bw U Uw D2 Lw2 Dw2 Bw' B' L' Rw Lw2 R D' Dw2 R' Dw' F Fw' B' R' Uw' Lw' R Uw' Dw2 Fw Rw2 F Rw L' Fw2 D2 L' Bw B' Dw2 Rw' R U R2 B2 Rw';2023-04-11 18:29:00;58.870
118;55.641;;F2 Bw' Dw Uw2 R2 Rw B' Rw' Bw2 Lw2 Bw2 R' Bw2 R U L B' Uw' Lw Dw2 Fw' Uw B2 U D2 Bw R Rw2 U2 F D' Lw2 Uw' U' Dw2 F' Dw2 D Uw' Bw2 Dw Fw B L' Lw' D2 L D' Uw L U Lw' Rw U2 R2 L' Fw2 D' F' Bw';2023-04-11 18:30:44;55.641
119;58.973;;Rw2 Lw L2 Bw' Uw Bw2 Lw Fw Bw2 L' Fw2 D2 B Dw Fw2 Bw B2 L R' U2 D L' Lw2 Uw' Dw2 R2 Uw2 Fw' Bw2 L U' Dw R Uw2 Rw2 L D' B2 U2 D F2 Dw' U' B2 D' Bw2 L Bw' B2 F U' Fw2 R Rw Uw' U2 D2 Rw2 R Uw2;2023-04-11 18:32:16;58.973
120;54.315;;Dw' R' B2 L Bw2 F' D2 Dw Uw2 Lw' F D' Rw2 D Uw B D2 Rw' L2 R' Dw R2 Fw' D' Fw Rw L F R' U F B R B2 Rw' F Uw' L F' Rw2 R' F L' R2 Fw2 Lw2 Fw' Dw Rw2 Fw U2 Uw' Fw' Dw Uw D2 F' Fw2 Lw2 B';2023-04-11 18:35:49;54.315
121;54.076;;D' Uw F' Dw R2 Dw' Rw2 Bw2 Fw' Uw2 Fw2 Uw D' U F Uw2 Bw2 Dw2 B' L' B Fw' U' R' L D2 R' L2 Fw2 Rw U' L2 Lw F Uw Lw D2 U' B2 Lw Uw2 Bw' U L2 Uw' Lw' R2 Fw' L Uw2 F2 Dw L R Fw D2 Rw2 L2 U' Bw;2023-04-12 12:44:20;54.076
122;53.940;;B Dw' Fw2 F2 Lw2 F R F Lw2 R Rw2 Dw Bw D Rw Bw D' F2 Uw D' Bw2 Fw' D Lw R' U2 L2 U L2 U' L2 Dw' U Rw' B Dw R2 Rw2 U Fw F L2 Fw U2 Rw U R Rw' B' Fw Rw2 F' Uw2 F2 R Uw Rw' Fw2 R2 F2;2023-04-12 12:45:49;53.940
123;54.291;;Uw Fw Uw2 Bw' Uw2 B2 Bw2 Lw2 Bw Lw Rw Dw L2 Uw Bw Dw2 Uw2 Rw' B Rw' B2 Lw' Dw L2 R2 Fw Rw R2 B2 D2 Bw R2 Uw2 Rw' Fw2 R D2 Fw' Rw' Bw2 B' R' D R' Uw2 Dw U' F' Bw Lw2 Bw' Fw Rw2 R Lw' F' Lw Rw U Bw;2023-04-12 12:48:27;54.291
124;48.247;;Fw' Bw D R2 Rw' F' Dw' Lw' Uw' Rw2 L' Dw' Fw' R2 F U L2 Lw2 R2 Dw U2 Uw2 F B2 R L Dw2 Rw D2 Uw' L Rw B' Rw' D B F2 Lw' R2 Rw Fw2 B U L' F' U2 D' F2 Rw' L' R2 Bw' U' Fw2 B2 F' Lw' D Dw2 B2;2023-04-12 12:50:26;48.247
125;49.382;;Fw U' Fw' Uw2 L F2 Fw' Bw' U Uw' Dw F' Uw B' Lw' D Rw2 Fw' Uw2 Fw2 Uw F Lw Bw Uw Lw' L2 B2 D' Fw2 Dw2 F' Dw2 B2 F2 Rw2 Fw Rw2 D' R2 F' U2 B Dw Fw2 Uw2 L' Fw' L' Dw Rw2 Lw2 R2 Bw L F B R Dw' U;2023-04-12 12:51:43;49.382
126;54.660;;Rw L2 Dw2 Fw' Uw2 B Rw2 Dw2 L' Lw2 Dw' U' B' R' Lw' Fw' D' L' Bw2 R' B' L' Fw2 U2 D' Rw2 R Bw D' Lw2 B Rw F B' Bw' Uw2 Fw' D' B Dw2 B2 Lw' D2 L2 Bw' F Fw' Uw2 U' Fw' Rw' Uw' U2 Rw Dw2 D Uw Lw2 F2 Rw;2023-04-13 14:38:00;54.660
127;57.667;;U' Bw2 B2 Rw2 D' R' Bw D R2 Uw L R Uw2 F Lw' Uw' L2 R' U D Bw' Uw Lw' B2 R B Uw' B R' Dw D2 U2 F' Fw2 Uw2 R' L' D L2 Lw Fw Bw' Rw B R Uw2 Bw D' Uw' R L2 B2 Bw Lw2 Fw' D2 U Fw D' Fw';2023-04-13 14:39:35;57.667
128;54.271;;L' U2 B2 Rw' B2 Rw L' Dw' Uw F2 Dw2 U L' Rw2 Dw2 D2 F' D' L' Lw F' Rw2 U Fw' Bw2 D L' Uw2 B2 Rw' F2 B2 Dw' R' Dw Bw L' B D Uw F' R2 Lw2 Dw' U2 Bw' Uw' Rw' B' R' Dw Rw' Lw B2 U2 Uw' F' Rw L' U2;2023-04-13 14:41:50;54.271
129;55.018;;U B' Dw U' B Lw Uw U' Fw' Rw R2 U2 Uw' D2 Dw2 Lw' U Uw' Dw' Fw Rw2 L Lw' Fw Lw' L Rw' R2 U Uw2 Dw2 R' U' Fw' U F2 D B Fw' U Lw' D Fw B' R Lw F Uw2 Dw2 F Bw' U' Rw' D' F' Bw' U' Rw R L;2023-04-13 14:43:12;55.018
130;56.558;;Lw2 D Dw2 Lw2 Rw' Fw L' Rw R' Lw' D Uw' Lw' U' Rw' F2 L' Dw2 R' Lw B' D2 Bw2 Fw2 Uw2 R L2 D2 Uw R2 U' Rw2 Lw' Dw' U Lw' F U' Rw U D2 Fw2 L' Dw2 L2 Uw F Bw' L Rw' R2 Lw' Dw' Uw2 D U2 B' Rw' R2 Uw';2023-04-13 14:44:43;56.558
131;47.841;;Fw Bw2 Dw Rw' R2 Fw Uw' D' Fw L Uw2 B U' Bw' B U' Dw Bw2 F' R2 Rw' Bw' Uw U' Fw2 B2 R U L R U Fw2 Bw2 B' Uw' U' Bw2 Lw2 D2 Bw2 Lw' F Dw D2 U R2 F D Dw2 Lw' B2 Bw2 U2 Fw' Dw F' L Uw2 D' R2;2023-04-13 14:48:21;47.841
132;56.798;;Dw' F' U' Dw' F Fw2 D' U' Dw' L D' Lw R2 L Uw2 Fw' Bw Dw B Bw' U Uw' B Lw2 Fw2 D' Dw' Rw' Lw Dw U' Uw Rw Uw' F2 Bw Fw' Lw Rw2 L2 R D' Fw2 F' Lw' U Rw' Lw2 L2 Bw2 D2 R' Fw2 Uw D' F U2 F2 L Uw2;2023-04-13 14:50:14;56.798
133;53.557;;B Bw' L B' Rw Lw' F Fw2 Uw' L B R Uw' B R2 F' Lw Uw2 R F B' Fw' L Fw F R D Bw2 R2 Lw2 F L' Fw2 F2 Uw2 B' Dw2 B' L' Uw' Bw L D' F2 B2 D2 U B Bw2 Rw Dw2 Fw2 D Lw' U2 D R' Bw' R Fw';2023-04-13 14:52:06;53.557
134;48.475;;Bw2 R2 Bw F2 Rw Bw' R' B Dw Bw2 Uw2 F2 R2 Rw2 B2 U2 Bw' B U2 F2 Lw2 U B2 D' U Fw U2 Dw D Bw2 Rw Bw' L' Fw B' Dw2 R' Fw D2 B Bw R Dw Bw' D2 Lw Fw2 Rw2 Fw2 Dw2 R U' Rw U' F D Rw Dw D Lw';2023-04-13 14:53:58;48.475
135;49.917;;D' R Bw2 L Uw Dw Rw2 B2 R' U' Dw' D2 Fw2 Uw U Rw2 Bw2 Dw2 L' Rw2 B D' Dw Rw L2 F Fw' Dw U Lw R2 F2 U2 F2 Dw Bw2 Fw' R L Uw2 Rw B2 Bw2 Dw' D' Uw F B' L2 F' Uw' F' L2 Uw2 F' B Fw Lw2 F Fw2;2023-04-13 14:55:21;49.917
136;52.131;;Dw' Bw2 Dw D2 B2 U Uw' Dw2 Rw2 Fw2 D2 B2 R' Fw2 U2 R F2 L2 Lw' B Dw2 Rw2 Bw2 R' B2 U2 Lw Dw F Uw2 R Lw2 F2 Rw2 B' Dw' U Rw D2 Lw2 L U B Rw L2 Dw' Rw2 R Bw2 D2 R' U Bw' U2 Fw Bw2 R' F' D' U';2023-04-13 15:01:40;52.131
137;53.813;;D2 F2 R' Dw2 L' Lw Bw' Uw Dw' L2 D2 L B' Fw' D2 Rw' Dw Lw' B2 Rw2 R' B Lw2 Uw' Lw2 B F' R2 Rw' U2 Bw F2 R2 Bw2 U F' U' Lw2 Bw Rw F U2 R U2 Bw Fw' D' U' B R2 D' R Fw' D' Bw Rw2 L' Dw2 R L;2023-04-13 15:38:46;53.813
138;54.226;;R' Dw2 Rw' Uw2 B2 Lw2 B' U' D2 Bw2 U' F2 B' Uw2 Fw2 L D2 U2 R2 U' Rw Bw D2 L' D L B R2 Fw2 Dw2 R' D2 Dw' Rw2 Bw' Dw Bw Dw' D F' B Fw' D F2 B Lw L2 B' L2 U F Rw2 Fw2 Uw Fw' D' L2 R' D' Lw2;2023-04-13 15:40:34;54.226
139;53.132;;Lw' F L F B' U' F' L' Dw Lw' Uw Lw2 Rw Fw' Lw U Rw R2 Fw' Rw B Bw Fw2 Rw2 U2 Dw' F U' L' F B' Bw U Lw Bw2 F' Uw2 Bw2 B' D' L Rw' U Uw2 Fw2 B2 F Dw2 R L' Uw' D2 U Dw Rw D R U Bw B2;2023-04-13 15:42:12;53.132
140;53.600;;Bw2 D' L2 Dw2 F Bw2 Uw F' D' Fw' U2 F Dw2 Uw2 U2 B D Rw2 L' B D' Rw D2 R Bw' R2 U2 Rw2 Uw2 U R D F2 Rw' F2 Fw2 U' F B' D2 Bw2 Rw2 Dw2 U' D' Fw2 R2 Dw U' Lw B D U' F' B' L Uw' Fw' U F';2023-04-13 15:44:33;53.600
141;54.337;;U F' Lw2 L' Uw R' Dw' L Rw' Bw2 Dw2 U' R' B' F2 D2 U Uw2 L2 D Bw2 U2 Lw' Fw2 Dw2 Bw2 Fw2 Uw' Rw F2 B R Fw F2 Uw' Fw F Bw L Lw2 B' Lw U2 Rw D2 R' Rw D2 Rw2 F2 Lw' U2 Bw F R' U2 Uw' Fw2 Uw' R;2023-04-13 15:46:04;54.337
142;55.065;;D Uw2 Dw Lw2 B Uw B' Fw' Uw' B2 Uw' Rw' L' Bw2 Fw B Uw F2 Rw' U' Uw Fw Rw D2 Fw' B Uw' L Bw2 R' Uw' B' Uw Rw' U Uw' Lw' Fw2 R' D2 R' Uw L2 U2 Lw F Uw' U Bw2 R D' R L U Dw B' U2 Uw' Dw Bw';2023-04-13 15:48:24;55.065
143;55.183;;Bw F' L Dw2 R' F Lw' Rw' R2 Bw' L Dw' D2 Bw' Fw2 Uw' B2 U' Rw L' D' F2 L' B' Bw Lw2 Rw2 D2 U' B2 Uw2 F2 R Bw Uw Lw' B2 F2 R F' Uw' U2 R2 Uw Lw F R' D2 R2 Fw2 U2 D Fw' Uw' U Rw2 L' Lw2 F' L';2023-04-13 20:23:56;55.183
144;56.841;;L Lw' Bw Dw' Fw B' U2 Uw' R2 D2 U2 Uw' Dw F2 R2 Fw' U2 R2 Fw' F Dw B D Fw' Lw D Uw Fw2 Dw Bw' Dw B' Bw' Dw' U Fw U F Lw' Bw2 Uw2 Dw2 F2 R' Lw2 Dw Rw2 B2 Bw2 R' Bw F Rw2 Dw Fw2 R' Bw L' Lw2 Uw;2023-04-14 20:42:12;56.841
145;53.976;;Uw L2 F' Dw2 D Uw2 F L R D B U2 L2 Fw' U' Fw2 F' D2 Dw' F D Lw2 F2 Rw2 F Bw' Lw2 D B' Bw F' Fw' Dw2 F2 U F' D L2 F' L2 Dw' F' B' Lw' F2 Dw2 D Fw' Dw Lw2 Bw' U2 B Lw2 D2 F' Dw Uw' U' Lw;2023-04-14 21:12:26;53.976
146;56.573;;B D Fw' Dw2 Fw' Dw Rw' Bw Lw2 Dw2 D2 B Rw F2 R L' Dw' U Lw2 Uw' Lw2 Dw R D2 F' Rw' Bw' Fw Rw2 L' Uw' D' Lw' B' F2 Fw' U' Fw' Dw' Uw R2 Fw2 R Fw2 Uw' F Bw R2 F' D Rw D' Fw2 F' Bw' L2 F2 Lw' Uw2 D;2023-04-14 21:14:54;56.573
147;52.244;;Uw' R Fw2 Rw2 B2 Rw Fw2 Lw' Bw Rw' L2 U B' Uw' U' Lw Uw2 Lw2 B' R' L2 U L' Lw R2 D' U2 Lw' F2 L Lw2 Bw2 U F Dw Lw' R2 Rw U2 B2 Rw' Lw R Dw' Rw Fw Uw' B2 U' L2 Bw Dw' B U2 F R Fw2 F B' Dw';2023-04-14 21:17:39;52.244
148;54.852;;Lw2 Rw Uw D R B' Uw' Fw2 F' B' L' Lw Uw' R D2 R' B' R' Lw2 Fw' Uw' F2 Rw Bw' Rw' D U' Bw2 Dw' U' B D' Bw' U Fw2 Rw' Dw Rw' U' L Fw2 U' Uw2 F2 D' Bw U' D' L Lw2 U Dw2 D Lw L D L2 Rw2 Bw' B';2023-04-14 21:19:44;54.852
149;54.382;;Dw2 Fw2 F' L' Fw' L' Rw2 Fw' Uw Rw Dw2 D Lw' Dw2 Uw' U2 D' F2 B U' Lw2 R Fw' Dw Uw2 L B2 Rw2 B Rw' Dw Rw2 Dw Bw' L' D L Uw' Bw' D Lw2 U2 Bw Uw2 Rw Uw Fw' Rw Uw2 Fw2 Uw2 Lw R2 L2 Rw' F Dw' Fw' U2 Dw2;2023-04-14 21:21:32;54.382
150;48.915;;F' R2 Bw L B Uw B' U2 D L Dw2 L Bw B2 D2 Rw' D' Uw' Rw' U' R Uw2 D Dw2 L R2 Fw2 R Bw' Fw' Lw' Bw' U2 L2 Bw2 Lw' Fw2 L' Rw B2 L2 Uw' R2 Rw' Lw' Fw D' Dw F2 U R' F' Fw' Lw' Uw' Fw B2 Bw Uw' B';2023-04-14 21:24:11;48.915
151;50.009;;D' Fw' U' L2 Rw2 B' F2 D2 Uw2 Rw' Bw Rw' Dw' Lw F2 B' U R2 Dw R2 Rw2 U2 Rw L' B2 Lw2 Rw Bw D2 Lw2 Uw' Lw' Fw R' Rw2 U' L2 F2 B L2 Dw Lw2 B2 Uw U2 R2 U2 R L2 Dw Uw L2 U2 Bw L R2 Rw2 Dw2 Fw' D2;2023-04-14 21:25:38;50.009
152;48.327;;F' B Dw2 R2 Dw' R2 Dw' Lw' D' R2 Uw D R2 Lw2 L' B' D' F2 Lw2 D' U' B2 L2 Lw Rw' Dw L Rw2 R' D2 F' Rw2 F2 B Bw Lw Uw B Lw Dw' D2 R2 Dw2 Bw2 U Rw' Fw2 D R2 B Fw2 Rw Uw2 Lw2 L2 Uw2 Rw' Bw' R2 Bw;2023-04-14 21:27:38;48.327
153;49.895;;Fw' Uw L U' F U2 B2 Fw U Rw' Lw Uw2 Bw' F2 Dw' R F2 R Bw' Uw' Bw' Dw2 Fw2 Uw' F' Fw' L U' F' R L2 Uw' F' Fw Bw' B2 Dw' U' Lw' B' F2 Rw Uw Bw B' Fw Lw Rw' D' Dw2 Rw D' L D' Lw2 R F U' D' Rw2;2023-04-14 21:29:13;49.895
154;53.717;;L2 D' U2 Rw' B Dw' Uw' Rw Bw' U D' L' B' L' R Lw' D2 Bw Fw2 U2 R Rw2 Fw' L2 U' D' Uw' Bw2 Dw Uw F2 Bw U' L U2 Rw2 R' F2 R B2 U' Uw L2 Uw F2 Fw D R2 L Bw Rw2 B2 Bw Dw Lw2 Rw' R' F Uw2 Fw;2023-04-14 21:39:07;53.717
155;1:00.744;;B' Rw2 R2 L2 Uw Dw2 Lw2 Dw2 Rw2 Fw' R2 F Bw Rw' Fw' Dw2 Uw2 L' R2 F' Fw' L B2 Fw R2 Dw B' U Rw Dw R B' Rw R F2 Uw Rw' Uw' U Fw2 Dw2 U L Fw Dw L Lw2 U Bw2 B2 U' F2 Dw2 R2 U' Lw' Rw Dw Uw' R';2023-04-14 22:44:56;1:00.744
156;55.700;;Fw U D2 Bw2 L2 F Rw' Fw' Dw Fw Lw2 L F' B R U2 B2 U' Fw Dw L' Rw2 B2 Fw' Bw R' B Bw2 U L2 R Lw Dw' D B R2 F2 D B2 R' L Rw2 B2 R' Fw Uw Lw2 Bw' B U' Uw2 D2 Lw D' Lw Uw2 B' Dw R Lw2;2023-04-16 21:04:35;55.700
157;55.194;;F2 Fw' Lw' Fw D' F' D' F2 Lw' Fw2 Lw' F Fw' L2 Bw' Fw R' Lw D2 B Fw Uw D2 R L Fw Dw L F' Dw2 R Rw2 F2 Rw2 Fw Dw' Rw' L Bw Lw U F' Lw' F Dw' B' Fw2 Lw2 L2 U2 L2 U Rw2 L' Bw2 Lw F R Bw' Fw2;2023-04-17 20:19:19;55.194
158;57.633;;L2 Bw Fw' F2 B Dw' D2 Fw Lw' Bw Lw2 L U2 D2 Dw2 F Lw' R' B2 D' Fw Dw' Rw Fw2 Lw U' R L' Bw B Lw' Dw' Lw2 U D' Rw2 U D2 Fw' R Uw' R U' D' Bw2 U' Rw Uw B U' B Uw2 B' Dw2 Bw2 Dw' U' F2 Fw D';2023-04-18 21:30:25;57.633
159;54.035;;F2 Fw R U Fw2 R' Rw' F2 B' Bw2 Lw2 Bw' Fw Uw2 L' F2 Rw Uw Fw2 Uw2 Dw' D Rw' F2 B2 R L2 Uw' Lw Fw Rw2 D Lw' Fw2 U R2 D F2 L' Dw U2 Bw2 R2 Bw2 Dw2 Rw2 R F Bw R' Lw' Rw2 D2 Rw Lw2 R' Bw' L' Lw2 B2;2023-04-18 21:31:54;54.035
160;54.728;;Lw2 Bw Lw' B' Rw' Dw Uw' Rw' Uw Lw D2 F' Lw' L2 U2 L2 Fw2 Rw D' Uw2 R2 L U' L Bw' Dw2 Bw2 Rw' Dw' Uw' Rw2 D2 Fw2 U2 Rw' U Uw2 B2 Rw' L U Bw U2 Uw' Dw' F2 R' Dw R Uw' L2 D' Rw' R' Bw' Rw' Dw F2 B' Rw';2023-04-18 21:34:45;54.728
161;53.402;;F' Dw U' Rw' U2 L2 F Fw2 L Rw2 Dw2 Rw Bw D' Dw2 Uw' F' Fw' Uw' D' B' U' Fw2 B D' Bw Uw' U L2 Fw' D' R Fw R' L Dw' L2 U' Fw' B' Bw' F R Fw' U2 F' Rw2 L' Fw' L2 Fw2 F2 R B' Uw' Fw2 Lw Rw' U' Rw;2023-04-19 14:10:42;53.402
162;59.122;;Lw2 Fw' Bw2 R' D2 Lw' U2 F2 Fw Lw2 Rw' B F Bw' U2 B Fw' F Dw2 Uw D2 F Dw2 F2 Dw F Bw2 Dw L2 Uw' Dw2 B2 Lw2 Dw2 Lw' Dw Rw Fw U2 F2 Rw Lw Bw' Rw2 B' Fw Lw2 D B2 Fw Dw2 L2 Fw' Lw U D' R2 Lw Dw' Fw2;2023-04-19 14:12:40;59.122
163;56.093;;R2 Fw Lw2 F Lw2 Uw Fw' Dw2 D2 Uw L U Dw2 Uw' D2 F2 U' B' Fw' L2 Lw2 R' Bw' Uw2 Bw2 Dw B2 F2 L2 Uw' Bw' Dw' F2 Fw2 B Lw2 U' Rw2 Uw2 Rw' Uw2 R2 Bw2 L R2 D2 Bw2 U' R2 D' Lw' Rw' Dw2 F' Dw2 B D L Bw' R;2023-04-19 14:14:18;56.093
164;55.726;;Fw F' R2 Fw' Lw Bw L Rw' Fw2 Uw2 Dw Fw' Dw' L' Uw' Fw' Uw Rw2 Fw' D Bw' B D U2 B2 U2 Bw2 F Uw2 L' F2 B' Rw2 U' B2 Bw' Uw2 Bw' F2 R' Lw' Dw2 Rw2 Bw L U Lw2 Rw Fw Lw R2 Fw' D' Bw Fw2 R' B F2 Dw Bw;2023-04-19 14:18:17;55.726
165;55.920;;L Lw D B F U Fw2 Uw2 D' Dw' R' L Fw' Bw D' R2 Fw2 Dw D2 R' U L B' Rw' U Dw Bw L' Bw' L2 Fw Dw' Lw2 L' F' Rw2 F U' R Rw2 D2 U2 F2 Lw2 Fw Bw2 F Dw2 R' Lw B F D2 Uw2 Dw Bw2 U2 L2 Fw F2;2023-04-19 15:40:03;55.920
166;55.920;;Uw2 Dw' Bw' Fw2 Uw Rw' L Uw2 Dw D Bw2 F' U R F2 U D' F' Rw2 D2 R' Fw2 Rw' Bw' U2 D' B Uw' Rw R L U2 F Bw2 B Fw' L2 Rw' Dw' L2 D L Uw Dw L' Uw2 Dw2 F' Lw Uw2 F U F2 R' D' F Uw U2 L' Uw;2023-04-19 15:44:09;55.920
167;54.392;;Rw2 Uw Rw U2 F' Lw D' Lw Rw' D' Bw' Uw2 Lw2 Rw Uw' Fw F2 D' U2 F Uw' Fw' D B2 Uw2 Fw R' B2 Bw' Rw2 Bw2 Dw2 R Rw' B Fw U Rw B Dw' Rw' B' Lw B' Uw' U2 F2 Uw' Lw2 D Uw2 Lw' F' Fw D' L' Fw' Dw2 L' Rw';2023-04-23 20:19:33;54.392
168;56.198;;L Uw' F Lw2 L2 Bw Dw' L2 Uw' F U Fw Uw Rw' D Bw' L' Dw R' F U' R2 D2 U Lw2 R2 L' Dw' F L2 Dw2 U2 B' R U Uw L' F2 Lw2 Bw' L2 Uw2 Lw R' B' Bw U Uw2 D2 R2 L Fw' L D2 R' Bw F2 Uw Bw' Lw2;2023-04-23 20:22:38;56.198
169;56.881;;Lw2 Rw' Fw2 D2 Fw2 Bw2 L F2 Bw Lw2 Uw' Dw F D2 Lw L D2 Lw Uw2 Rw' Bw D F B2 R2 Rw2 Fw' R2 U2 B2 U' Fw2 B2 Lw' D Dw' Uw Rw' B2 D' Lw' B R' Uw' Rw' F' Dw U2 Lw D2 Dw' Fw2 Bw' F2 D2 Dw2 L2 F2 L2 Rw2;2023-04-23 20:52:24;56.881
170;48.295;;F' B2 Lw' L' Bw2 F' Dw2 Lw' U2 F D' F' Bw U R Bw2 Lw2 Fw2 D' U Bw B2 Dw2 F2 U Bw' L' F' U' Uw' Rw2 R Uw2 B L U' Lw Rw' U Lw' U2 Bw' Dw L' F' U2 L F' Uw' B2 Uw Dw2 F Dw Uw F Dw Fw2 R' B;2023-04-23 20:53:50;48.295
171;55.542;;Uw' L2 Bw2 Rw Fw2 Lw' F D' L F' Rw2 Fw2 Bw' R Fw2 R' Bw' Dw Bw' Uw Lw2 R2 U' Dw Fw2 F2 Uw' R Rw L' Fw Bw' D' L' R B Rw R Dw' B' F' L2 Lw2 B' Bw R2 L2 Fw' B D2 Rw Lw B Dw' Lw' F' Bw' B2 L' Lw';2023-04-23 20:57:12;55.542
172;53.914;;Fw F' Bw B Uw' R' Rw2 U2 Bw2 B' Rw' D Fw' D2 Bw2 D B' U' D' R2 B2 F U2 B' Lw Uw' Rw Fw' U Lw2 Fw Uw2 F' U Dw Fw' U2 Bw B' R' L2 U' Uw Rw2 R2 Fw' R F' Lw' D Bw' L Bw' Lw Dw Uw2 Rw' D2 B U';2023-04-23 20:58:49;53.914
173;54.421;;Rw2 Dw' Rw' D Rw' D Uw Dw2 Fw2 Bw Uw Dw2 B Bw R F' Dw2 R Fw' B' R Uw2 Rw' Uw2 R' Dw' Bw F U' Fw B F R U2 Uw2 Fw F2 Uw D2 U' Fw2 F' B2 U' Dw' Rw Bw' Fw2 U2 D' L' Dw2 Fw Rw Uw B' Dw Uw2 Rw' Bw';2023-04-23 21:00:15;54.421
174;57.651;;D Dw' U' R' L' Uw2 F' L F' D2 Lw2 Dw' L' Lw D' Uw' Lw Uw' B2 Bw L' Fw Dw2 Rw2 Dw2 Uw' Bw B D Bw2 U' B Fw2 U2 Bw' D2 Fw2 U F' Rw' R' L2 B' Uw2 Bw' U2 Bw' B2 Rw' Bw L Rw' F' Uw2 Dw' Lw2 Rw2 F2 Dw' F';2023-04-23 21:01:45;57.651
175;53.857;;Uw' Rw' F' Uw' F2 R' Lw D F' Rw Fw L Fw Rw2 Dw' F Uw2 Dw2 Fw2 L Fw2 Bw2 B2 Uw' Fw L D B Lw2 Fw2 Bw U' Lw' Bw' D' U Dw2 L2 Bw' Rw B' Fw D F2 L B' F Fw2 Lw' D' B' D2 B' Rw D2 R2 Uw2 Lw' Bw2 U';2023-04-23 21:05:03;53.857
176;55.553;;Lw' L Rw D' Dw' L Fw D' Bw Rw' Uw2 Rw2 Bw F' R2 Dw' Lw2 U' R U2 D' Bw B Uw D R Bw Fw' Rw' Bw' L' B Lw' F Bw' L' F' Bw Uw2 R Rw B Dw' Lw' Bw' Lw Bw2 D' L' Rw2 B F2 U Lw Fw' Rw2 Bw2 Fw B Uw2;2023-04-23 21:07:43;55.553
177;54.459;;D' B L Dw2 Fw' Bw' Lw Bw' U Dw D2 Bw' Rw F L B' Fw' Lw' R B2 R Rw2 Fw Lw' U2 Dw' L Rw2 B' F Uw2 Lw' R2 F' L Uw2 U' D R' Fw2 U2 D' L Rw' D Uw Lw' D2 Rw' U' L2 B D2 Uw Lw Rw Fw U Uw2 Bw';2023-04-23 21:10:13;54.459
178;57.254;;L' Rw Lw B' U R' Uw2 F2 U' Fw Dw Fw L2 D Dw' U Uw2 R2 F U2 D2 B2 F' Dw R' F2 U Lw2 F' D B Dw' Uw B2 F' Lw2 F Bw2 L2 Lw U2 Fw' F' U' Fw R' F2 D' Bw F2 Dw Lw' F' Uw Fw2 B' R2 Lw Fw' F;2023-04-24 18:08:41;57.254
179;56.581;;Uw2 Rw2 D Lw' Bw B F2 Fw Dw2 B2 D' Bw' Dw2 Uw Bw2 L2 B' U' Dw Lw2 Rw2 Uw Rw2 Bw' U2 R L' Dw Rw' Uw2 U Rw' L' R' Lw Dw Uw F' B2 U' B Uw' Fw' Bw F Dw2 Bw Fw D' R Lw Rw' Fw' R U Dw2 Rw' Bw Lw Dw';2023-04-24 19:30:15;56.581
180;56.404;;B2 U' R U2 F2 U' Dw' L' Rw' U2 Bw2 D' Fw2 Rw2 Bw2 Rw U' Bw Fw2 Lw L' Dw' U' Fw' Dw' B2 Dw F U' D' Fw' B' Bw2 R2 F Bw' Fw2 L' D2 U2 F' R2 F' Lw Dw Fw F' Bw' Lw U2 F' D U' Rw2 F Uw' R Rw Lw B';2023-04-24 19:44:31;56.404
181;57.782;;B Dw' D Bw2 Uw' Dw' Lw L' F' B' L' Dw Uw2 B' Fw Rw' Dw Rw B2 U2 F R Lw' Fw2 Rw2 D Bw' D2 Bw' Lw B' F2 Fw2 R2 Uw L2 U Uw2 D L2 D U' Uw' B2 D Lw2 Rw' F' U L F' U' B' Rw2 Dw B' Rw' Lw D' Uw';2023-04-24 19:46:22;57.782
182;56.420;;Fw Bw B2 F' Lw Rw' R' Dw2 F Fw' L R Uw' F Bw' B2 L Dw F2 Fw L Lw Rw2 D2 U2 Fw2 Lw2 F Bw B' R2 B2 F2 Fw' L2 Dw2 Uw' Lw2 Dw2 Lw2 Dw' Lw D2 R F Rw D2 U2 Fw' B Rw2 Dw' Fw Dw2 F2 Rw2 Dw' Uw' Fw' F;2023-04-24 19:50:01;56.420
183;55.825;;D R2 F R' B' D' Lw' Dw Fw D2 U2 Rw B Rw' U2 R' Uw B Rw B U' D2 Uw L Bw F2 Lw' L Dw' F2 Lw F' Bw2 U2 R2 Uw Lw' U Rw2 U B' Rw2 B D2 F' Rw' L U' R' Rw F Uw2 B2 U2 Bw' U' L Dw Rw' L';2023-04-24 19:52:09;55.825
184;55.982;;U' L2 F2 B' Rw F' L Fw F2 D' F' Rw' U Fw L U Bw Uw2 L' Lw R Dw' R' F Uw' Dw Rw2 R F2 Dw2 D L' D2 Dw2 Uw2 B2 L' Fw2 U2 B2 F' Fw' L2 Bw' B' Rw Lw2 D2 L Uw2 Fw2 Dw R2 B2 Bw' Lw2 Rw2 D Bw2 Uw;2023-04-24 20:01:38;55.982
185;57.881;;Dw' U' D R Rw' F Lw' Dw' D' Rw' Dw' Rw2 R F' B2 Bw2 Dw Uw' U2 D2 L2 Bw' Fw Uw Rw B' Rw' F D' Lw F Bw' D Bw Rw' Bw U B2 Lw2 Dw' D2 Lw Bw Rw Lw Dw2 U' Lw' Rw U' D R' D' R2 B' D2 Bw Uw2 D Rw;2023-04-24 20:53:15;57.881
186;52.921;;Fw Dw Fw D2 F Uw Lw B' Lw Rw' B2 F' L' Rw' Lw Bw2 L2 Bw' Rw' F' Bw' Rw' Bw R' Fw Bw2 B' Lw' Bw B2 Dw' L' B2 Rw2 R2 Fw L' Fw F Lw' U2 Dw Rw2 L2 Bw D' Lw' U2 D2 L' D' L2 U Dw2 Lw2 Rw' F Rw' Dw2 Fw;2023-04-24 20:55:13;52.921
187;56.326;;Bw D Uw Bw' B2 Lw F2 Fw' Rw Lw' F Uw Lw F D' Uw Dw2 U2 Lw' Fw' Rw' U Rw U Bw' Lw D' Rw2 U2 Uw2 B2 L2 Lw2 D2 Bw' Fw2 F' R Fw' Rw' Dw Uw L Uw' Bw Uw' Fw' Rw U' Fw' Rw' R Dw2 Lw D' Uw2 F' Dw F R;2023-04-25 17:53:27;56.326
188;49.196;;R2 Uw Rw D2 Uw2 Dw2 Bw Lw F' R Bw' U Bw Uw' Rw2 Fw Lw' B L' F' B' Fw Rw2 F R2 Lw2 U2 R L Uw2 Rw' B Rw2 L' Bw' R' Uw' Bw2 Lw' B Lw2 R D U L Lw' Uw' B' F' D' F2 Fw' B R F Dw2 Rw2 R' B' Uw2;2023-04-25 17:57:01;49.196
189;56.048;;D2 U2 Lw L R' Dw Lw' R2 D2 Fw F2 D Bw B2 Fw' Uw' D Rw' Lw U2 F' L2 Lw' Fw' L2 Bw2 Rw2 F' R2 Fw Bw' R U' Uw2 D2 F' Uw D' L F2 Rw Bw2 Fw' B2 Uw' B' D B Dw Lw Rw' L2 F' D2 Dw R' Fw2 Bw2 Lw2 L2;2023-04-25 17:58:45;56.048
190;54.363;;F' R' Lw' F2 Fw' L Dw' Uw B' Bw2 Lw2 F Bw' U F2 Fw D F' R D Uw2 B2 Bw L Lw' F Bw2 U F' Dw Rw' B' Bw Dw Lw U' F2 Uw2 L Fw' Uw' U' F U' Dw2 Rw2 L' Uw' B Fw2 Dw2 R' U' Dw' D2 Bw' U' Dw2 F2 B';2023-04-25 18:00:24;54.363
191;57.644;;U B' F' Lw' Fw B Uw' Lw2 L' Fw2 D' F' D' U2 B Dw' Lw Uw B2 Lw R2 D2 F Rw L R2 Dw' Lw U L' B2 U Fw Bw Dw' F2 B Fw' Lw' F Uw L' Uw Bw' Lw2 Rw Bw B' L Lw2 Uw2 Bw2 Rw' Dw2 Lw2 L B' Dw' Lw' Dw2;2023-04-26 16:10:33;57.644
192;56.820;;U' L D R Bw F2 Fw D2 R2 B2 F U Rw2 U' Uw Rw F2 B' Fw2 Bw' U B' D2 Rw2 Bw Rw Dw B L Uw L2 Lw2 Rw' R' F' U' R2 Dw' D Bw' Rw2 U2 B' Fw2 L Lw2 U2 Lw Uw' F' Bw' B2 Lw2 D' L' Lw U2 R Bw2 Fw';2023-04-26 18:39:46;56.820
193;57.953;;U B Bw2 Lw2 L2 Uw Rw Uw2 Lw2 B2 U L Dw2 Bw' F' Lw Bw2 Rw2 Fw2 F U' Uw Rw' Fw2 Lw U2 Fw2 B' L U' B' Bw' R Dw R' Fw2 Lw R2 Fw' D B2 F2 Uw U2 R2 Dw' Bw Rw' U' Dw Uw' B2 R' Lw Uw2 B' L' U2 Rw2 B';2023-04-26 18:42:04;57.953
194;57.064;;B2 R D' Rw' Fw2 Lw2 B Fw' U Fw D2 B2 Lw B2 F L2 Rw2 Bw2 Lw' Rw' F L Fw2 R' B' U F Bw' Rw' D' R2 B2 U L' R2 U R' Dw2 B' Dw2 L2 U B' F2 D2 Dw R F' Bw' Fw2 B Uw' F Fw2 U2 Dw D' R' B2 L';2023-04-26 18:43:35;57.064
195;53.247;;Uw2 D B Lw' D' F2 Uw U2 L F' R U2 Bw' Uw' L' Fw' B' Rw2 D' B2 D U Fw2 Bw' R' Lw2 Dw2 B Fw Dw Fw2 B Bw' D2 R U2 R' U' F' B2 Fw2 Uw2 Lw2 D2 B' Fw Lw Fw' L2 Fw2 B U' Dw2 Lw2 Uw Fw' Dw2 L' Bw' Dw';2023-04-26 18:45:59;53.247
196;49.601;;Uw' L' R' Dw2 Uw' Lw2 D' Fw Dw' Bw' B2 Fw2 U' Bw' R' U' Rw2 U Dw Uw2 Bw' R' L' U Fw2 L Rw2 U' B Uw F2 Lw B' F R Lw Dw Uw' F2 B2 L B Lw L2 Bw U F2 U' Dw' Rw2 B' Bw R' Rw2 F2 L' Fw' Bw B' Lw2;2023-04-26 18:47:39;49.601
197;54.569;;Rw2 Bw' U2 Fw2 U2 Fw' R' L Lw Bw' Rw L D2 F Fw2 U2 Dw2 Rw' L Bw F' D' Fw' R L' D2 L Uw2 Lw' F' Dw Fw R2 Fw2 D2 F Fw2 U B' Lw B2 R L Dw' Uw' Bw2 Dw2 Bw Lw' Rw2 R2 Uw2 Lw' Uw D U2 F2 U' Bw2 B;2023-04-26 18:50:07;54.569
198;55.815;;F' Uw L2 R' D Bw' U Bw' Rw F Bw Dw Lw2 L Dw B F Lw2 U2 B2 D L D2 B Dw' D' B' R' Rw2 Fw2 Uw D' Bw' Dw2 Fw L Fw U2 F B2 U Uw2 Lw F2 D R L D Bw' Fw2 Lw' Uw2 F L2 Fw R' Lw F Dw2 Bw';2023-04-27 16:36:56;55.815
199;59.546;;Uw2 D' Fw U' Lw2 Rw F2 Lw' Uw B2 Dw2 U B Rw B2 Dw F2 R F2 U' Uw2 L2 Uw' L2 F' Dw2 F U2 Uw' Rw' Fw U2 Rw' Lw2 F' U2 Rw' Bw2 Rw' D2 Uw2 Rw' D R' Dw B2 F D' Uw' Fw2 Dw2 Bw' U2 L2 Fw2 D' Fw' Dw2 D' L';2023-04-28 16:45:47;59.546
200;55.335;;U Fw2 U' Fw2 Lw2 L B R2 L2 Rw' F' D' Bw' B' Dw2 Bw U2 Uw2 Lw' Rw2 D Dw L2 Lw' D' Bw Uw2 R2 L' Dw B' U F Uw R F' B' R' L' D' Rw' Bw2 F2 U' B2 Dw R2 F2 Lw2 Bw D L F Dw' Uw' Lw Bw2 Lw' Bw' U;2023-04-29 13:39:33;55.335